{
	"type": "minecraft:chest",
	"pools": [
		{
			"rolls": 1,
			"entries": [
				{
					"type": "minecraft:loot_table",
					"value": "yggdrasil:runic_labyrinth/key/normal",
					"weight": 5,
					"conditions": [
						{
							"condition": "minecraft:random_chance",
							"chance": 0.25
						}
					]
				},
				{
					"type": "minecraft:loot_table",
					"value": "yggdrasil:runic_labyrinth/key/ominous",
					"weight": 1,
					"conditions": [
						{
							"condition": "minecraft:random_chance",
							"chance": 0.25
						}
					]
				}
			]
		},
		{
			"rolls": {
				"type": "minecraft:uniform",
				"min": 4,
				"max": 7
			},
			"entries": [
				{
					"type": "minecraft:item",
					"name": "minecraft:redstone",
					"weight": 15,
					"functions": [
						{
							"function": "minecraft:set_count",
							"count": {
								"type": "minecraft:uniform",
								"min": 16,
								"max": 32
							}
						}
					]
				},
				{
					"type": "minecraft:item",
					"name": "minecraft:observer",
					"weight": 8,
					"functions": [
						{
							"function": "minecraft:set_count",
							"count": {
								"type": "minecraft:uniform",
								"min": 1,
								"max": 4
							}
						}
					]
				},
				{
					"type": "minecraft:item",
					"name": "minecraft:dispenser",
					"weight": 10,
					"functions": [
						{
							"function": "minecraft:set_count",
							"count": {
								"type": "minecraft:uniform",
								"min": 1,
								"max": 3
							}
						}
					]
				},
				{
					"type": "minecraft:item",
					"name": "minecraft:repeater",
					"weight": 12,
					"functions": [
						{
							"function": "minecraft:set_count",
							"count": {
								"type": "minecraft:uniform",
								"min": 2,
								"max": 8
							}
						}
					]
				},
				{
					"type": "minecraft:item",
					"name": "minecraft:comparator",
					"weight": 8,
					"functions": [
						{
							"function": "minecraft:set_count",
							"count": {
								"type": "minecraft:uniform",
								"min": 2,
								"max": 8
							}
						}
					]
				},
				{
					"type": "minecraft:item",
					"name": "minecraft:piston",
					"weight": 10,
					"functions": [
						{
							"function": "minecraft:set_count",
							"count": {
								"type": "minecraft:uniform",
								"min": 2,
								"max": 6
							}
						}
					]
				},
				{
					"type": "minecraft:item",
					"name": "minecraft:hopper",
					"weight": 8,
					"functions": [
						{
							"function": "minecraft:set_count",
							"count": {
								"type": "minecraft:uniform",
								"min": 1,
								"max": 4
							}
						}
					]
				}
			]
		}
	],
	"random_sequence": "yggdrasil:runic_labyrinth/reward"
}
