{
	"criteria": {
		"requirement": {
			"trigger": "minecraft:player_interacted_with_entity",
			"conditions": {
				"item": {
					"components": {
						"minecraft:custom_data": {
							"yggdrasil": {
								"id": "yggdrasil.asflors.treasure.rune_of_rupture"
							}
						}
					}
				},
				"entity": [
					{
						"condition": "minecraft:entity_properties",
						"entity": "this",
						"predicate": {
							"type": "minecraft:interaction",
							"nbt": "{Tags:[\"yggdrasil.runic_fracture.interaction.door\"]}"
						}
					}
				]
			}
		}
	},
	"rewards": {
		"function": "yggdrasil:runic_fracture_door"
	}
}