{
	"type": "minecraft:chest",
	"pools": [
		{
			"rolls": 1,
			"bonus_rolls": 0,
			"entries": [
				{
					"type": "minecraft:loot_table",
					"value": "yggdrasil:helheim/enchanted_book/vault"
				}
			]
		},
		{
			"rolls": 1,
			"entries": [
				{
					"type": "minecraft:loot_table",
					"value": "yggdrasil:generic/reward/rare/ominous_potion",
					"weight": 1
				},
				{
					"type": "minecraft:loot_table",
					"value": "yggdrasil:helheim/reward/shared/deepslate",
					"weight": 1
				},
				{
					"type": "minecraft:loot_table",
					"value": "yggdrasil:helheim/reward/shared/wood",
					"weight": 1
				},
				{
					"type": "minecraft:loot_table",
					"value": "yggdrasil:helheim/reward/shared/lantern",
					"weight": 1
				}
			]
		},
		{
			"rolls": 1,
			"entries": [
				{
					"type": "minecraft:loot_table",
					"value": "yggdrasil:generic/reward/rare/enchanted_item_25",
					"weight": 1
				}
			],
			"conditions": [
				{
					"condition": "minecraft:random_chance",
					"chance": 0.75
				}
			]
		},
		{
			"rolls": 1,
			"entries": [
				{
					"type": "minecraft:loot_table",
					"value": "yggdrasil:helheim/lore/chapter_8"
				}
			]
		}
	],
	"random_sequence": "yggdrasil:helheim/chest"
}