{
	"type": "minecraft:chest",
	"pools": [
		{
			"rolls": 2,
			"entries": [
				{
					"type": "minecraft:loot_table",
					"value": "yggdrasil:runic_labyrinth/treasure/ran_apple",
					"weight": 1
				}
			]
		},
		{
			"rolls": 7,
			"entries": [
				{
					"type": "minecraft:loot_table",
					"value": "yggdrasil:runic_labyrinth/treasure/ran_apple",
					"weight": 1,
					"conditions": [
						{
							"condition": "minecraft:random_chance",
							"chance": 0.25
						}
					]
				},
				{
					"type": "minecraft:item",
					"name": "minecraft:apple",
					"weight": 20
				},
				{
					"type": "minecraft:item",
					"name": "minecraft:golden_apple",
					"weight": 5
				},
				{
					"type": "minecraft:item",
					"name": "minecraft:enchanted_golden_apple",
					"weight": 1
				}
			]
		}
	],
	"random_sequence": "yggdrasil:runic_labyrinth/reward"
}
