{
	"type": "minecraft:chest",
	"pools": [
		{
			"rolls": 1,
			"entries": [
				{
					"type": "minecraft:loot_table",
					"value": "yggdrasil:runic_labyrinth/key/normal",
					"weight": 5,
					"conditions": [
						{
							"condition": "minecraft:random_chance",
							"chance": 0.25
						}
					]
				},
				{
					"type": "minecraft:loot_table",
					"value": "yggdrasil:runic_labyrinth/key/ominous",
					"weight": 1,
					"conditions": [
						{
							"condition": "minecraft:random_chance",
							"chance": 0.25
						}
					]
				}
			]
		},
		{
			"rolls": {
				"type": "minecraft:uniform",
				"min": 4,
				"max": 7
			},
			"entries": [
				{
					"type": "minecraft:item",
					"name": "minecraft:diamond",
					"weight": 10,
					"functions": [
						{
							"function": "minecraft:set_count",
							"count": {
								"type": "minecraft:uniform",
								"min": 2,
								"max": 5
							}
						}
					]
				},
				{
					"type": "minecraft:item",
					"name": "minecraft:emerald",
					"weight": 12,
					"functions": [
						{
							"function": "minecraft:set_count",
							"count": {
								"type": "minecraft:uniform",
								"min": 3,
								"max": 8
							}
						}
					]
				},
				{
					"type": "minecraft:item",
					"name": "minecraft:gold_ingot",
					"weight": 15,
					"functions": [
						{
							"function": "minecraft:set_count",
							"count": {
								"type": "minecraft:uniform",
								"min": 3,
								"max": 8
							}
						}
					]
				},
				{
					"type": "minecraft:item",
					"name": "minecraft:firework_rocket",
					"weight": 8,
					"functions": [
						{
							"function": "minecraft:set_count",
							"count": {
								"type": "minecraft:uniform",
								"min": 8,
								"max": 16
							}
						},
						{
							"function": "set_fireworks",
							"flight_duration": 3
						}
					]
				},
				{
					"type": "minecraft:item",
					"name": "minecraft:wind_charge",
					"weight": 10,
					"functions": [
						{
							"function": "minecraft:set_count",
							"count": {
								"type": "minecraft:uniform",
								"min": 4,
								"max": 12
							}
						}
					]
				},
				{
					"type": "minecraft:item",
					"name": "minecraft:netherite_scrap",
					"weight": 3,
					"functions": [
						{
							"function": "minecraft:set_count",
							"count": {
								"type": "minecraft:uniform",
								"min": 1,
								"max": 2
							}
						}
					]
				},
				{
					"type": "minecraft:item",
					"name": "minecraft:ancient_debris",
					"weight": 2
				},
				{
					"type": "minecraft:item",
					"name": "minecraft:experience_bottle",
					"weight": 10,
					"functions": [
						{
							"function": "minecraft:set_count",
							"count": {
								"type": "minecraft:uniform",
								"min": 4,
								"max": 12
							}
						}
					]
				}
			]
		}
	],
	"random_sequence": "yggdrasil:runic_labyrinth/reward"
}
