{
	"type": "minecraft:chest",
	"pools": [
		{
			"rolls": 1,
			"entries": [
				{
					"type": "minecraft:loot_table",
					"value": "yggdrasil:runic_labyrinth/key/normal",
					"weight": 5,
					"conditions": [
						{
							"condition": "minecraft:random_chance",
							"chance": 0.25
						}
					]
				},
				{
					"type": "minecraft:loot_table",
					"value": "yggdrasil:runic_labyrinth/key/ominous",
					"weight": 1,
					"conditions": [
						{
							"condition": "minecraft:random_chance",
							"chance": 0.25
						}
					]
				}
			]
		},
		{
			"rolls": {
				"type": "minecraft:uniform",
				"min": 3,
				"max": 5
			},
			"entries": [
				{
					"type": "minecraft:item",
					"name": "minecraft:diamond_sword",
					"weight": 10,
					"functions": [
						{
							"function": "minecraft:enchant_with_levels",
							"levels": {
								"type": "minecraft:uniform",
								"min": 20,
								"max": 30
							}
						}
					]
				},
				{
					"type": "minecraft:item",
					"name": "minecraft:diamond_chestplate",
					"weight": 8,
					"functions": [
						{
							"function": "minecraft:enchant_with_levels",
							"levels": {
								"type": "minecraft:uniform",
								"min": 20,
								"max": 30
							}
						}
					]
				},
				{
					"type": "minecraft:item",
					"name": "minecraft:diamond_helmet",
					"weight": 8,
					"functions": [
						{
							"function": "minecraft:enchant_with_levels",
							"levels": {
								"type": "minecraft:uniform",
								"min": 20,
								"max": 30
							}
						}
					]
				},
				{
					"type": "minecraft:item",
					"name": "minecraft:trident",
					"weight": 3,
					"functions": [
						{
							"function": "minecraft:enchant_with_levels",
							"levels": {
								"type": "minecraft:uniform",
								"min": 15,
								"max": 25
							}
						}
					]
				},
				{
					"type": "minecraft:item",
					"name": "minecraft:crossbow",
					"weight": 8,
					"functions": [
						{
							"function": "minecraft:enchant_with_levels",
							"levels": {
								"type": "minecraft:uniform",
								"min": 20,
								"max": 30
							}
						}
					]
				}
			]
		}
	],
	"random_sequence": "yggdrasil:runic_labyrinth/reward"
}
