{
	"loot_tables_to_eject": [
		{
			"data": "yggdrasil:runic_fracture/reward",
			"weight": 1
		}
	],
	"simultaneous_mobs": 20.0,
	"simultaneous_mobs_added_per_player": 6.0,
	"spawn_potentials": [
		{
			"data": {
				"entity": {
					"attributes": [
						{
							"id": "minecraft:attack_damage",
							"base": 12
						},
						{
							"id": "minecraft:fall_damage_multiplier",
							"base": 50
						},
						{
							"id": "minecraft:knockback_resistance",
							"base": 10
						},
						{
							"id": "minecraft:max_health",
							"base": 40
						}
					],
					"id": "minecraft:zombie"
				},
				"equipment": {
					"loot_table": "yggdrasil:generic/reward/ominous/equipement",
					"slot_drop_chances": 0.0
				}
			},
			"weight": 1
		},
		{
			"data": {
				"entity": {
					"attributes": [
						{
							"id": "minecraft:movement_speed",
							"base": 2
						},
						{
							"id": "minecraft:fall_damage_multiplier",
							"base": 50
						},
						{
							"id": "minecraft:knockback_resistance",
							"base": 10
						},
						{
							"id": "minecraft:max_health",
							"base": 40
						}
					],
					"id": "minecraft:bogged"
				},
				"equipment": {
					"loot_table": "yggdrasil:generic/reward/ominous/equipement",
					"slot_drop_chances": 0.0
				}
			},
			"weight": 1
		}
	],
	"ticks_between_spawn": 10
}
