{
	"loot_tables_to_eject": [
		{
			"data": "yggdrasil:alfheim_tree/spawner/key",
			"weight": 3
		},
		{
			"data": "yggdrasil:alfheim_tree/spawner/consumables",
			"weight": 7
		}
	],
	"simultaneous_mobs": 5.0,
	"simultaneous_mobs_added_per_player": 2.0,
	"spawn_potentials": [
		{
			"data": {
				"entity": {
					"attributes": [
						{
							"id": "minecraft:fall_damage_multiplier",
							"base": 50
						},
						{
							"id": "minecraft:knockback_resistance",
							"base": 10
						}
					],
					"DeathLootTable": "yggdrasil:generic/mob/normal/witch",
					"id": "minecraft:witch"
				}
			},
			"weight": 1
		}
	],
	"ticks_between_spawn": 160
}
