{
	"type": "minecraft:chest",
	"pools": [
		{
			"rolls": {
				"type": "minecraft:uniform",
				"min": 2,
				"max": 6
			},
			"bonus_rolls": 0,
			"entries": [
				{
					"type": "minecraft:item",
					"name": "minecraft:cherry_sapling",
					"weight": 4,
					"functions": [
						{
							"function": "minecraft:set_count",
							"count": {
								"min": 1,
								"max": 8
							}
						}
					]
				},
				{
					"type": "minecraft:item",
					"name": "minecraft:experience_bottle",
					"weight": 4,
					"functions": [
						{
							"function": "minecraft:set_count",
							"count": {
								"type": "minecraft:uniform",
								"min": 1,
								"max": 4
							},
							"add": false
						}
					]
				},
				{
					"type": "minecraft:item",
					"name": "minecraft:golden_carrot",
					"weight": 2,
					"functions": [
						{
							"function": "minecraft:set_count",
							"count": {
								"type": "minecraft:uniform",
								"min": 2,
								"max": 4
							},
							"add": false
						}
					]
				},
				{
					"type": "minecraft:item",
					"name": "minecraft:iron_ingot",
					"weight": 4,
					"functions": [
						{
							"function": "minecraft:set_count",
							"count": {
								"type": "minecraft:uniform",
								"min": 1,
								"max": 2
							},
							"add": false
						}
					]
				},
				{
					"type": "minecraft:item",
					"name": "minecraft:axolotl_bucket"
				},
				{
					"type": "minecraft:item",
					"name": "minecraft:firework_rocket",
					"functions": [
						{
							"function": "minecraft:set_components",
							"components": {
								"minecraft:fireworks": {
									"flight_duration": 3,
									"explosions": []
								}
							}
						}
					]
				},
				{
					"type": "minecraft:item",
					"name": "minecraft:cherry_boat"
				},
				{
					"type": "minecraft:item",
					"name": "minecraft:map"
				}
			]
		}
	],
	"random_sequence": "yggdrasil:generic/reward"
}
