{
	"type": "minecraft:chest",
	"pools": [
		{
			"rolls": {
				"type": "minecraft:uniform",
				"min": 4,
				"max": 7
			},
			"entries": [
				{
					"type": "minecraft:item",
					"name": "minecraft:ender_pearl",
					"weight": 15,
					"functions": [
						{
							"function": "minecraft:set_count",
							"count": {
								"type": "minecraft:uniform",
								"min": 2,
								"max": 6
							}
						}
					]
				},
				{
					"type": "minecraft:item",
					"name": "minecraft:echo_shard",
					"weight": 10,
					"functions": [
						{
							"function": "minecraft:set_count",
							"count": {
								"type": "minecraft:uniform",
								"min": 2,
								"max": 5
							}
						}
					]
				},
				{
					"type": "minecraft:item",
					"name": "minecraft:potion",
					"weight": 8,
					"functions": [
						{
							"function": "minecraft:set_potion",
							"id": "minecraft:long_invisibility"
						}
					]
				},
				{
					"type": "minecraft:item",
					"name": "minecraft:potion",
					"weight": 8,
					"functions": [
						{
							"function": "minecraft:set_potion",
							"id": "minecraft:strong_strength"
						}
					]
				},
				{
					"type": "minecraft:item",
					"name": "minecraft:shulker_shell",
					"weight": 5,
					"functions": [
						{
							"function": "minecraft:set_count",
							"count": {
								"type": "minecraft:uniform",
								"min": 1,
								"max": 2
							}
						}
					]
				},
				{
					"type": "minecraft:item",
					"name": "minecraft:dragon_breath",
					"weight": 3
				},
				{
					"type": "minecraft:item",
					"name": "minecraft:chorus_fruit",
					"weight": 10,
					"functions": [
						{
							"function": "minecraft:set_count",
							"count": {
								"type": "minecraft:uniform",
								"min": 4,
								"max": 8
							}
						}
					]
				}
			]
		}
	],
	"random_sequence": "yggdrasil:runic_labyrinth/reward"
}