{
	"type": "minecraft:chest",
	"pools": [
		{
			"rolls": {
				"min": 1,
				"max": 3
			},
			"entries": [
				{
					"type": "minecraft:loot_table",
					"value": "yggdrasil:helheim/key/normal",
					"weight": 2
				},
				{
					"type": "minecraft:item",
					"name": "minecraft:arrow",
					"weight": 4,
					"functions": [
						{
							"function": "minecraft:set_count",
							"count": {
								"type": "minecraft:uniform",
								"min": 2,
								"max": 8
							}
						}
					]
				},
				{
					"type": "minecraft:item",
					"name": "minecraft:emerald",
					"weight": 4,
					"functions": [
						{
							"function": "minecraft:set_count",
							"count": {
								"type": "minecraft:uniform",
								"min": 2,
								"max": 4
							}
						}
					]
				},
				{
					"type": "minecraft:item",
					"name": "minecraft:iron_ingot",
					"weight": 1,
					"functions": [
						{
							"function": "minecraft:set_count",
							"count": {
								"type": "minecraft:uniform",
								"min": 1,
								"max": 2
							}
						}
					]
				},
				{
					"type": "minecraft:item",
					"name": "minecraft:bone_meal",
					"weight": 5,
					"functions": [
						{
							"function": "minecraft:set_count",
							"count": {
								"type": "minecraft:uniform",
								"min": 3,
								"max": 5
							}
						}
					]
				},
				{
					"type": "minecraft:item",
					"name": "minecraft:wheat",
					"weight": 5,
					"functions": [
						{
							"function": "minecraft:set_count",
							"count": {
								"type": "minecraft:uniform",
								"min": 3,
								"max": 8
							}
						}
					]
				},
				{
					"type": "minecraft:item",
					"name": "minecraft:lapis_lazuli",
					"weight": 5,
					"functions": [
						{
							"function": "minecraft:set_count",
							"count": {
								"type": "minecraft:uniform",
								"min": 4,
								"max": 18
							}
						}
					]
				},
				{
					"type": "minecraft:item",
					"name": "minecraft:glow_ink_sac",
					"weight": 3,
					"functions": [
						{
							"function": "minecraft:set_count",
							"count": {
								"type": "minecraft:uniform",
								"min": 2,
								"max": 5
							}
						}
					]
				},
				{
					"type": "minecraft:item",
					"name": "minecraft:torch",
					"weight": 5,
					"functions": [
						{
							"function": "minecraft:set_count",
							"count": {
								"min": 6,
								"max": 12
							}
						}
					]
				},
				{
					"type": "minecraft:item",
					"name": "minecraft:amethyst_shard",
					"weight": 3,
					"functions": [
						{
							"function": "minecraft:set_count",
							"count": {
								"min": 1,
								"max": 5
							}
						}
					]
				},
				{
					"type": "minecraft:item",
					"name": "minecraft:honeycomb",
					"weight": 2,
					"functions": [
						{
							"function": "minecraft:set_count",
							"count": {
								"min": 1,
								"max": 8
							}
						}
					]
				},
				{
					"weight": 3,
					"type": "minecraft:loot_table",
					"value": "yggdrasil:generic/reward/random/archer"
				},
				{
					"weight": 3,
					"type": "minecraft:loot_table",
					"value": "yggdrasil:generic/reward/random/arrow"
				},
				{
					"weight": 3,
					"type": "minecraft:loot_table",
					"value": "yggdrasil:generic/reward/random/dye"
				},
				{
					"weight": 4,
					"type": "minecraft:loot_table",
					"value": "yggdrasil:generic/reward/random/redstone"
				},
				{
					"weight": 2,
					"type": "minecraft:loot_table",
					"value": "yggdrasil:generic/reward/random/echo"
				},
				{
					"weight": 4,
					"type": "minecraft:loot_table",
					"value": "yggdrasil:generic/reward/random/food"
				},
				{
					"weight": 3,
					"type": "minecraft:loot_table",
					"value": "yggdrasil:generic/reward/random/harvest"
				},
				{
					"weight": 3,
					"type": "minecraft:loot_table",
					"value": "yggdrasil:generic/reward/random/small"
				},
				{
					"weight": 1,
					"type": "minecraft:loot_table",
					"value": "yggdrasil:generic/reward/random/treasure"
				},
				{
					"weight": 1,
					"type": "minecraft:loot_table",
					"value": "yggdrasil:generic/reward/random/magic"
				}
			]
		}
	],
	"random_sequence": "yggdrasil:helheim/reward"
}
