{
    "type": "minecraft:chest",
    "pools": [
        {
            "rolls": {
                "type": "minecraft:uniform",
                "min": 2,
                "max": 6
            },
            "bonus_rolls": 0,
            "entries": [
                {
                    "type": "minecraft:item",
                    "name": "minecraft:diamond_axe",
                    "functions": [
                        {
                            "function": "minecraft:set_count",
                            "count": 1,
                            "add": false
                        },
                        {
                            "function": "minecraft:set_damage",
                            "damage": {
                                "type": "minecraft:uniform",
                                "min": 0.4,
                                "max": 0.9
                            },
                            "add": false
                        },
                        {
                            "function": "minecraft:enchant_randomly"
                        }
                    ]
                },
                {
                    "type": "minecraft:item",
                    "name": "minecraft:diamond_pickaxe",
                    "functions": [
                        {
                            "function": "minecraft:set_count",
                            "count": 1,
                            "add": false
                        },
                        {
                            "function": "minecraft:set_damage",
                            "damage": {
                                "type": "minecraft:uniform",
                                "min": 0.15,
                                "max": 0.8
                            },
                            "add": false
                        }
                    ]
                },
                {
                    "type": "minecraft:item",
                    "name": "minecraft:diamond",
                    "functions": [
                        {
                            "function": "minecraft:set_count",
                            "count": {
                                "type": "minecraft:uniform",
                                "min": 1,
                                "max": 3
                            },
                            "add": false
                        }
                    ]
                },
                {
                    "type": "minecraft:item",
                    "name": "minecraft:compass",
                    "functions": [
                        {
                            "function": "minecraft:set_count",
                            "count": 1,
                            "add": false
                        },
                        {
                            "function": "minecraft:set_damage",
                            "damage": {
                                "type": "minecraft:uniform",
                                "min": 0.15,
                                "max": 0.8
                            },
                            "add": false
                        }
                    ]
                },
                {
                    "type": "minecraft:item",
                    "name": "minecraft:bucket",
                    "functions": [
                        {
                            "function": "minecraft:set_count",
                            "count": {
                                "type": "minecraft:uniform",
                                "min": 1,
                                "max": 2
                            },
                            "add": false
                        }
                    ]
                },
                {
                    "type": "minecraft:item",
                    "name": "minecraft:golden_axe",
                    "weight": 4,
                    "functions": [
                        {
                            "function": "minecraft:set_count",
                            "count": 1,
                            "add": false
                        },
                        {
                            "function": "minecraft:set_damage",
                            "damage": {
                                "type": "minecraft:uniform",
                                "min": 0.15,
                                "max": 0.8
                            },
                            "add": false
                        }
                    ]
                },
                {
                    "type": "minecraft:item",
                    "name": "minecraft:golden_pickaxe",
                    "weight": 4,
                    "functions": [
                        {
                            "function": "minecraft:set_count",
                            "count": 1,
                            "add": false
                        },
                        {
                            "function": "minecraft:set_damage",
                            "damage": {
                                "type": "minecraft:uniform",
                                "min": 0.15,
                                "max": 0.8
                            },
                            "add": false
                        }
                    ]
                },
                {
                    "type": "minecraft:item",
                    "name": "minecraft:cherry_sapling",
                    "weight": 4,
                    "functions": [
                        {
                            "function": "minecraft:set_count",
                            "count": {
                                "min": 1,
                                "max": 8
                            }
                        }
                    ]
                },
                {
                    "type": "minecraft:item",
                    "name": "minecraft:experience_bottle",
                    "functions": [
                        {
                            "function": "minecraft:set_count",
                            "count": {
                                "type": "minecraft:uniform",
                                "min": 1,
                                "max": 4
                            },
                            "add": false
                        }
                    ],
                    "weight": 4
                },
                {
                    "type": "minecraft:item",
                    "name": "minecraft:torch",
                    "functions": [
                        {
                            "function": "minecraft:set_count",
                            "count": {
                                "type": "minecraft:uniform",
                                "min": 8,
                                "max": 17
                            },
                            "add": false
                        }
                    ],
                    "weight": 2
                },
                {
                    "type": "minecraft:item",
                    "name": "minecraft:golden_carrot",
                    "functions": [
                        {
                            "function": "minecraft:set_count",
                            "count": {
                                "type": "minecraft:uniform",
                                "min": 2,
                                "max": 4
                            },
                            "add": false
                        }
                    ],
                    "weight": 2
                },
                {
                    "type": "minecraft:item",
                    "name": "minecraft:iron_ingot",
                    "functions": [
                        {
                            "function": "minecraft:set_count",
                            "count": {
                                "type": "minecraft:uniform",
                                "min": 1,
                                "max": 2
                            },
                            "add": false
                        }
                    ],
                    "weight": 4
                }
            ]
        }
    ],
    "random_sequence": "yggdrasil:alfheim_tree/chest"
}