{
	"type": "minecraft:chest",
	"pools": [
		{
			"rolls": 3,
			"bonus_rolls": 0,
			"entries": [
				{
					"type": "minecraft:item",
					"name": "minecraft:experience_bottle",
					"weight": 2,
					"functions": [
						{
							"function": "minecraft:set_count",
							"count": {
								"type": "minecraft:uniform",
								"min": 3,
								"max": 6
							}
						}
					]
				},
				{
					"type": "minecraft:item",
					"name": "minecraft:diamond",
					"weight": 2,
					"functions": [
						{
							"function": "minecraft:set_count",
							"count": {
								"type": "minecraft:uniform",
								"min": 1,
								"max": 2
							}
						}
					]
				},
				{
					"type": "minecraft:item",
					"name": "minecraft:golden_apple",
					"weight": 3,
					"functions": [
						{
							"function": "minecraft:set_count",
							"count": {
								"type": "minecraft:uniform",
								"min": 1,
								"max": 3
							}
						}
					]
				},
				{
					"type": "minecraft:item",
					"name": "minecraft:emerald",
					"weight": 3,
					"functions": [
						{
							"function": "minecraft:set_count",
							"count": {
								"type": "minecraft:uniform",
								"min": 2,
								"max": 5
							}
						}
					]
				},
				{
					"type": "minecraft:item",
					"name": "minecraft:potion",
					"weight": 2,
					"functions": [
						{
							"function": "minecraft:set_potion",
							"id": "minecraft:strong_healing"
						}
					]
				},
				{
					"type": "minecraft:item",
					"name": "minecraft:potion",
					"weight": 2,
					"functions": [
						{
							"function": "minecraft:set_potion",
							"id": "minecraft:strong_regeneration"
						}
					]
				},
				{
					"type": "minecraft:item",
					"name": "minecraft:golden_carrot",
					"weight": 3,
					"functions": [
						{
							"function": "minecraft:set_count",
							"count": {
								"type": "minecraft:uniform",
								"min": 2,
								"max": 5
							}
						}
					]
				}
			]
		},
		{
			"entries": [
				{
					"type": "minecraft:loot_table",
					"value": "yggdrasil:vanaheim/enchanted_book/ominous_trial_spawner",
					"weight": 2,
					"conditions": [
						{
							"condition": "random_chance",
							"chance": 0.3
						}
					]
				}
			],
			"rolls": 1
		},
		{
			"rolls": 1.0,
			"bonus_rolls": 0.0,
			"entries": [
				{
					"type": "minecraft:loot_table",
					"value": "yggdrasil:vanaheim/reward/shared/rare",
					"weight": 4
				},
				{
					"type": "minecraft:loot_table",
					"value": "yggdrasil:vanaheim/reward/shared/nature",
					"weight": 3
				},
				{
					"type": "minecraft:loot_table",
					"value": "yggdrasil:generic/reward/normal/weak_equipement",
					"weight": 2
				}
			]
		},
		{
			"rolls": 1,
			"entries": [
				{
					"type": "minecraft:loot_table",
					"value": "yggdrasil:vanaheim/key/ominous",
					"conditions": [
						{
							"condition": "minecraft:random_chance",
							"chance": 0.15
						}
					]
				}
			]
		}
	],
	"random_sequence": "yggdrasil:vanaheim/spawner"
}
