{
	"type": "minecraft:chest",
	"pools": [
		{
			"rolls": 1,
			"entries": [
				{
					"type": "minecraft:loot_table",
					"value": "yggdrasil:vanaheim/key/normal",
					"weight": 1,
					"conditions": [
						{
							"condition": "minecraft:random_chance",
							"chance": 0.25
						}
					]
				}
			]
		},
		{
			"rolls": 1,
			"entries": [
				{
					"type": "minecraft:loot_table",
					"value": "yggdrasil:vanaheim/lore/all_chapters"
				}
			]
		},
		{
			"rolls": 1,
			"entries": [
				{
					"type": "minecraft:loot_table",
					"value": "yggdrasil:vanaheim/reward/shared/common"
				}
			]
		},
		{
			"rolls": 1,
			"entries": [
				{
					"type": "minecraft:loot_table",
					"value": "yggdrasil:vanaheim/reward/shared/nature",
					"weight": 3
				},
				{
					"type": "minecraft:loot_table",
					"value": "yggdrasil:vanaheim/reward/shared/rare",
					"weight": 1,
					"conditions": [
						{
							"condition": "minecraft:random_chance",
							"chance": 0.15
						}
					]
				}
			]
		}
	],
	"random_sequence": "yggdrasil:vanaheim/chest"
}
