{
	"type": "minecraft:chest",
	"pools": [
		{
			"rolls": 1,
			"entries": [
				{
					"type": "minecraft:loot_table",
					"value": "yggdrasil:vanaheim/lore/all_chapters"
				}
			]
		},
		{
			"rolls": {
				"type": "minecraft:uniform",
				"min": 1,
				"max": 2
			},
			"entries": [
				{
					"type": "minecraft:loot_table",
					"value": "yggdrasil:vanaheim/enchanted_book/common",
					"weight": 4
				},
				{
					"type": "minecraft:loot_table",
					"value": "yggdrasil:vanaheim/enchanted_book/rare",
					"weight": 1
				}
			]
		},
		{
			"rolls": 1,
			"entries": [
				{
					"type": "minecraft:item",
					"name": "minecraft:book",
					"weight": 5,
					"functions": [
						{
							"function": "minecraft:set_count",
							"count": {
								"type": "minecraft:uniform",
								"min": 2,
								"max": 5
							}
						}
					]
				},
				{
					"type": "minecraft:item",
					"name": "minecraft:paper",
					"weight": 4,
					"functions": [
						{
							"function": "minecraft:set_count",
							"count": {
								"type": "minecraft:uniform",
								"min": 4,
								"max": 12
							}
						}
					]
				},
				{
					"type": "minecraft:item",
					"name": "minecraft:feather",
					"weight": 3,
					"functions": [
						{
							"function": "minecraft:set_count",
							"count": {
								"type": "minecraft:uniform",
								"min": 2,
								"max": 5
							}
						}
					]
				},
				{
					"type": "minecraft:item",
					"name": "minecraft:ink_sac",
					"weight": 3,
					"functions": [
						{
							"function": "minecraft:set_count",
							"count": {
								"type": "minecraft:uniform",
								"min": 1,
								"max": 4
							}
						}
					]
				},
				{
					"type": "minecraft:item",
					"name": "minecraft:glow_ink_sac",
					"weight": 2,
					"functions": [
						{
							"function": "minecraft:set_count",
							"count": {
								"type": "minecraft:uniform",
								"min": 1,
								"max": 3
							}
						}
					]
				}
			]
		},
		{
			"rolls": 1,
			"entries": [
				{
					"type": "minecraft:item",
					"name": "minecraft:lapis_lazuli",
					"weight": 4,
					"functions": [
						{
							"function": "minecraft:set_count",
							"count": {
								"type": "minecraft:uniform",
								"min": 4,
								"max": 12
							}
						}
					]
				},
				{
					"type": "minecraft:item",
					"name": "minecraft:experience_bottle",
					"weight": 3,
					"functions": [
						{
							"function": "minecraft:set_count",
							"count": {
								"type": "minecraft:uniform",
								"min": 2,
								"max": 5
							}
						}
					]
				},
				{
					"type": "minecraft:item",
					"name": "minecraft:emerald",
					"weight": 2,
					"functions": [
						{
							"function": "minecraft:set_count",
							"count": {
								"type": "minecraft:uniform",
								"min": 1,
								"max": 3
							}
						}
					]
				}
			]
		},
		{
			"rolls": 1,
			"entries": [
				{
					"type": "minecraft:loot_table",
					"value": "yggdrasil:vanaheim/key/normal",
					"conditions": [
						{
							"condition": "minecraft:random_chance",
							"chance": 0.2
						}
					]
				}
			]
		}
	],
	"random_sequence": "yggdrasil:vanaheim/library"
}
