{
	"pools": [
		{
			"rolls": {
				"min": 3,
				"max": 6
			},
			"entries": [
				{
					"type": "minecraft:item",
					"name": "minecraft:black_dye",
					"weight": 1,
					"functions": [
						{
							"function": "minecraft:set_count",
							"count": {
								"min": 2,
								"max": 7
							}
						}
					]
				},
				{
					"type": "minecraft:item",
					"name": "minecraft:red_dye",
					"weight": 1,
					"functions": [
						{
							"function": "minecraft:set_count",
							"count": {
								"min": 2,
								"max": 7
							}
						}
					]
				},
				{
					"type": "minecraft:item",
					"name": "minecraft:blue_dye",
					"weight": 2,
					"functions": [
						{
							"function": "minecraft:set_count",
							"count": 1
						}
					]
				},
				{
					"type": "minecraft:item",
					"name": "minecraft:green_dye",
					"functions": [
						{
							"function": "minecraft:set_count",
							"count": {
								"min": 2,
								"max": 3
							}
						}
					]
				},
				{
					"type": "minecraft:item",
					"name": "minecraft:yellow_dye",
					"functions": [
						{
							"function": "minecraft:set_count",
							"count": {
								"min": 2,
								"max": 3
							}
						}
					]
				},
				{
					"type": "minecraft:item",
					"name": "minecraft:white_dye",
					"functions": [
						{
							"function": "minecraft:set_count",
							"count": {
								"min": 2,
								"max": 3
							}
						}
					]
				}
			]
		}
	],
	"random_sequence": "yggdrasil:generic/reward"
}
