{
	"loot_tables_to_eject": [
		{
			"data": "yggdrasil:helheim/spawner/ominous",
			"weight": 7
		}
	],
	"simultaneous_mobs": 1.0,
	"simultaneous_mobs_added_per_player": 2.0,
	"spawn_potentials": [
		{
			"data": {
				"entity": {
					"DeathLootTable": "yggdrasil:generic/mob/ominous/enderman",
					"active_effects": [
						{
							"id": "minecraft:absorption",
							"duration": -1,
							"amplifier": 2,
							"show_particles": false
						},
						{
							"id": "minecraft:fire_resistance",
							"duration": -1,
							"amplifier": 0,
							"show_particles": false
						},
						{
							"id": "minecraft:regeneration",
							"duration": -1,
							"amplifier": 0,
							"show_particles": false
						},
						{
							"id": "minecraft:speed",
							"duration": -1,
							"amplifier": 1,
							"show_particles": false
						},
						{
							"id": "minecraft:strength",
							"duration": -1,
							"amplifier": 1,
							"show_particles": false
						},
						{
							"id": "minecraft:resistance",
							"duration": -1,
							"amplifier": 0,
							"show_particles": false
						}
					],
					"drop_chances": {
						"offhand": 0.0
					},
					"equipment": {
						"offhand": {
							"id": "minecraft:totem_of_undying"
						}
					},
					"id": "minecraft:enderman"
				}
			},
			"weight": 1
		}
	],
	"ticks_between_spawn": 100
}