{
	"loot_tables_to_eject": [
		{
			"data": "yggdrasil:alfheim_tree/spawner/key",
			"weight": 3
		},
		{
			"data": "yggdrasil:alfheim_tree/spawner/ominous",
			"weight": 7
		}
	],
	"simultaneous_mobs": 3.0,
	"simultaneous_mobs_added_per_player": 3.0,
	"spawn_potentials": [
		{
			"data": {
				"entity": {
					"attributes": [
						{
							"id": "minecraft:fall_damage_multiplier",
							"base": 50
						},
						{
							"id": "minecraft:knockback_resistance",
							"base": 10
						}
					],
					"DeathLootTable": "yggdrasil:generic/mob/ominous/breeze",
					"active_effects": [
						{
							"id": "minecraft:absorption",
							"duration": -1,
							"amplifier": 2,
							"show_particles": false
						},
						{
							"id": "minecraft:fire_resistance",
							"duration": -1,
							"amplifier": 0,
							"show_particles": false
						},
						{
							"id": "minecraft:wind_charged",
							"duration": -1,
							"amplifier": 1,
							"show_particles": false
						},
						{
							"id": "minecraft:resistance",
							"duration": -1,
							"amplifier": 0,
							"show_particles": false
						}
					],
					"drop_chances": {
						"offhand": 0.0
					},
					"equipment": {
						"offhand": {
							"id": "minecraft:totem_of_undying"
						}
					},
					"id": "minecraft:breeze"
				}
			},
			"weight": 1
		}
	],
	"ticks_between_spawn": 100
}