{
	"type": "minecraft:chest",
	"pools": [
		{
			"rolls": 1,
			"entries": [
				{
					"type": "minecraft:loot_table",
					"value": "yggdrasil:cubeoid/key/normal",
					"weight": 1,
					"conditions": [
						{
							"condition": "minecraft:random_chance",
							"chance": 0.25
						}
					]
				}
			]
		},
		{
			"rolls": {
				"type": "minecraft:uniform",
				"min": 1,
				"max": 3
			},
			"entries": [
				{
					"type": "minecraft:item",
					"name": "minecraft:silence_armor_trim_smithing_template",
					"weight": 1
				},
				{
					"type": "minecraft:item",
					"name": "minecraft:sentry_armor_trim_smithing_template",
					"weight": 1
				},
				{
					"type": "minecraft:item",
					"name": "minecraft:ward_armor_trim_smithing_template",
					"weight": 1
				},
				{
					"type": "minecraft:item",
					"name": "minecraft:spire_armor_trim_smithing_template",
					"weight": 1
				},
				{
					"type": "minecraft:item",
					"name": "minecraft:vex_armor_trim_smithing_template",
					"weight": 1
				},
				{
					"type": "minecraft:item",
					"name": "minecraft:ominous_bottle",
					"weight": 3,
					"functions": [
						{
							"function": "minecraft:set_ominous_bottle_amplifier",
							"amplifier": {
								"type": "minecraft:uniform",
								"min": 1,
								"max": 5
							}
						}
					]
				},
				{
					"type": "minecraft:item",
					"name": "minecraft:totem_of_undying"
				},
				{
					"type": "minecraft:item",
					"name": "bundle",
					"weight": 5
				}
			]
		}
	],
	"random_sequence": "yggdrasil:runic_labyrinth/reward"
}
