{
	"type": "minecraft:chest",
	"pools": [
		{
			"rolls": 1,
			"bonus_rolls": 0,
			"entries": [
				{
					"type": "minecraft:loot_table",
					"value": "yggdrasil:runic_labyrinth/enchanted_book/ominous_vault",
					"weight": 5
				},
				{
					"type": "minecraft:loot_table",
					"value": "yggdrasil:runic_labyrinth/treasure/twilight_of_yggdrasil_bow",
					"weight": 1
				}
			]
		},
		{
			"rolls": 1,
			"bonus_rolls": 0,
			"entries": [
				{
					"type": "minecraft:loot_table",
					"value": "yggdrasil:runic_labyrinth/lore/dark_elf_bow_testament",
					"weight": 1
				}
			]
		},
		{
			"rolls": {
				"type": "minecraft:uniform",
				"min": 3,
				"max": 5
			},
			"entries": [
				{
					"type": "minecraft:item",
					"name": "minecraft:enchanted_golden_apple",
					"weight": 3
				},
				{
					"type": "minecraft:item",
					"name": "minecraft:heart_of_the_sea",
					"weight": 5
				},
				{
					"type": "minecraft:item",
					"name": "minecraft:diamond",
					"weight": 15,
					"functions": [
						{
							"function": "minecraft:set_count",
							"count": {
								"type": "minecraft:uniform",
								"min": 1,
								"max": 5
							}
						}
					]
				},
				{
					"type": "minecraft:item",
					"name": "minecraft:netherite_ingot",
					"weight": 5,
					"conditions": [
						{
							"condition": "minecraft:random_chance",
							"chance": 0.15
						}
					]
				},
				{
					"type": "minecraft:item",
					"name": "minecraft:mooshroom_spawn_egg",
					"weight": 3
				},
				{
					"type": "minecraft:item",
					"name": "minecraft:blaze_spawn_egg",
					"weight": 3
				},
				{
					"type": "minecraft:item",
					"name": "minecraft:netherite_scrap",
					"weight": 8,
					"functions": [
						{
							"function": "minecraft:set_count",
							"count": {
								"type": "minecraft:uniform",
								"min": 1,
								"max": 2
							}
						}
					]
				},
				{
					"type": "minecraft:item",
					"name": "minecraft:heavy_core",
					"weight": 2,
					"conditions": [
						{
							"condition": "minecraft:random_chance",
							"chance": 0.2
						}
					]
				},
				{
					"type": "minecraft:item",
					"name": "minecraft:mace",
					"weight": 2,
					"conditions": [
						{
							"condition": "minecraft:random_chance",
							"chance": 0.1
						}
					],
					"functions": [
						{
							"function": "minecraft:enchant_with_levels",
							"levels": {
								"type": "minecraft:uniform",
								"min": 25,
								"max": 35
							}
						}
					]
				},
				{
					"type": "minecraft:item",
					"name": "minecraft:dragon_egg",
					"weight": 1,
					"conditions": [
						{
							"condition": "minecraft:random_chance",
							"chance": 0.05
						}
					]
				}
			]
		}
	],
	"random_sequence": "yggdrasil:runic_labyrinth/reward"
}
