{
	"parent": "yggdrasil:explore/runic_labyrinth",
	"display": {
		"icon": {
			"id": "minecraft:bow"
		},
		"title": {
			"translate": "advancement.yggdrasil.obtain.dark_elven_bow.title",
			"fallback": "Dark Elven Bow"
		},
		"description": {
			"translate": "advancement.yggdrasil.obtain.dark_elven_bow.description",
			"fallback": "Obtain the bow of the Dark Elves"
		},
		"show_toast": true,
		"announce_to_chat": true,
		"hidden": false
	},
	"criteria": {
		"has_item": {
			"trigger": "minecraft:inventory_changed",
			"conditions": {
				"items": [
					{
						"predicates": {
							"minecraft:custom_data": {
								"yggdrasil": {
									"id": "yggdrasil.runic_labyrinth.treasure.dark_elven_bow"
								}
							}
						}
					}
				]
			}
		}
	},
	"requirements": [
		["has_item"]
	]
}
