{
	"type": "minecraft:chest",
	"pools": [
		{
			"rolls": 1,
			"entries": [
				{
					"type": "minecraft:item",
					"name": "minecraft:written_book",
					"functions": [
						{
							"function": "minecraft:set_name",
							"entity": "this",
							"target": "item_name",
							"name": {
								"translate": "item.yggdrasil.secret_chapter.9",
								"fallback": "Secret Chapter 9: The Awakening"
							}
						},
						{
							"function": "minecraft:set_components",
							"components": {
								"minecraft:custom_data": {
									"yggdrasil": {
										"id": "yggdrasil.asflors.lore.secret_chapter_9"
									}
								}
							}
						},
						{
							"function": "minecraft:set_written_book_pages",
							"pages": [
								{
									"translate": "item.yggdrasil.secret_chapter.9.content",
									"fallback": "In my solitude, I discovered a glimmer of hope to escape the grasp of immortality. Ancient whispers speak of a way to defy the gods themselves, to break the chains of time that bind me. The path is obscure and fraught with uncertainty. I do not know where it will lead me, but the very idea of a possible end ignites a spark within me that I thought long extinguished."
								}
							],
							"mode": "replace_all"
						},
						{
							"function": "minecraft:set_lore",
							"entity": "this",
							"lore": [
								{
									"text": ""
								},
								{
									"translate": "item.yggdrasil.quest_item.story",
									"fallback": "(Quest Item - Story)",
									"color": "#707070",
									"bold": false,
									"italic": false,
									"underlined": false,
									"strikethrough": false,
									"obfuscated": false
								},
								{
									"translate": "item.yggdrasil.location.asflors",
									"fallback": "[Village of Asflors]",
									"color": "#ffcbfc",
									"bold": false,
									"italic": false,
									"underlined": false,
									"strikethrough": false,
									"obfuscated": false
								}
							],
							"mode": "replace_all"
						}
					]
				}
			]
		}
	],
	"random_sequence": "yggdrasil:asflors/lore"
}
