{
    "type": "minecraft:chest",
    "pools": [
        {
            "rolls": {
                "min": 3,
                "max": 5
            },
            "entries": [
                {
                    "type": "minecraft:item",
                    "name": "minecraft:diamond",
                    "functions": [
                        {
                            "function": "minecraft:set_count",
                            "count": {
                                "type": "minecraft:uniform",
                                "min": 1,
                                "max": 2
                            },
                            "add": false
                        }
                    ],
                    "weight": 2
                },
                {
                    "type": "minecraft:item",
                    "name": "minecraft:emerald",
                    "functions": [
                        {
                            "function": "minecraft:set_count",
                            "count": {
                                "type": "minecraft:uniform",
                                "min": 1,
                                "max": 3
                            },
                            "add": false
                        }
                    ],
                    "weight": 20
                },
                {
                    "type": "minecraft:item",
                    "name": "minecraft:golden_apple",
                    "weight": 18
                },
                {
                    "type": "minecraft:item",
                    "name": "minecraft:tipped_arrow",
                    "weight": 15,
                    "functions": [
                        {
                            "function": "minecraft:set_count",
                            "count": {
                                "type": "minecraft:uniform",
                                "min": 6,
                                "max": 12
                            },
                            "add": false
                        },
                        {
                            "function": "minecraft:set_potion",
                            "id": "minecraft:harming"
                        }
                    ]
                },
                {
                    "type": "minecraft:item",
                    "name": "minecraft:amethyst_shard",
                    "functions": [
                        {
                            "function": "minecraft:set_count",
                            "count": {
                                "type": "minecraft:uniform",
                                "min": 3,
                                "max": 5
                            },
                            "add": false
                        }
                    ],
                    "weight": 20
                },
                {
                    "type": "minecraft:item",
                    "name": "minecraft:ender_pearl",
                    "functions": [
                        {
                            "function": "minecraft:set_count",
                            "count": {
                                "type": "minecraft:uniform",
                                "min": 1,
                                "max": 2
                            },
                            "add": false
                        }
                    ],
                    "weight": 8
                },
                {
                    "type": "minecraft:item",
                    "name": "minecraft:blaze_rod",
                    "weight": 4
                },
                {
                    "type": "minecraft:item",
                    "name": "minecraft:redstone",
                    "functions": [
                        {
                            "function": "minecraft:set_count",
                            "count": {
                                "type": "minecraft:uniform",
                                "min": 6,
                                "max": 20
                            },
                            "add": false
                        }
                    ],
                    "weight": 18
                },
                {
                    "type": "minecraft:item",
                    "name": "minecraft:fire_charge",
                    "functions": [
                        {
                            "function": "minecraft:set_count",
                            "count": {
                                "type": "minecraft:uniform",
                                "min": 3,
                                "max": 6
                            },
                            "add": false
                        }
                    ],
                    "weight": 15
                },
                {
                    "type": "minecraft:item",
                    "name": "minecraft:wind_charge",
                    "functions": [
                        {
                            "function": "minecraft:set_count",
                            "count": {
                                "type": "minecraft:uniform",
                                "min": 4,
                                "max": 8
                            },
                            "add": false
                        }
                    ],
                    "weight": 15
                },
                {
                    "type": "minecraft:item",
                    "name": "minecraft:quartz",
                    "functions": [
                        {
                            "function": "minecraft:set_count",
                            "count": {
                                "type": "minecraft:uniform",
                                "min": 6,
                                "max": 16
                            },
                            "add": false
                        }
                    ],
                    "weight": 20
                },
                {
                    "type": "minecraft:item",
                    "name": "minecraft:experience_bottle",
                    "functions": [
                        {
                            "function": "minecraft:set_count",
                            "count": {
                                "type": "minecraft:uniform",
                                "min": 6,
                                "max": 8
                            },
                            "add": false
                        }
                    ],
                    "weight": 12
                },
                {
                    "type": "minecraft:item",
                    "name": "minecraft:firework_rocket",
                    "weight": 8,
                    "functions": [
                        {
                            "function": "minecraft:set_fireworks",
                            "flight_duration": 5
                        },
                        {
                            "function": "minecraft:set_count",
                            "count": {
                                "type": "minecraft:uniform",
                                "min": 2,
                                "max": 6
                            },
                            "add": false
                        }
                    ]
                },
                {
                    "type": "minecraft:item",
                    "name": "minecraft:iron_ingot",
                    "functions": [
                        {
                            "function": "minecraft:set_count",
                            "count": {
                                "type": "minecraft:uniform",
                                "min": 1,
                                "max": 3
                            },
                            "add": false
                        }
                    ],
                    "weight": 20
                },
                {
                    "type": "minecraft:item",
                    "name": "minecraft:lapis_lazuli",
                    "functions": [
                        {
                            "function": "minecraft:set_count",
                            "count": {
                                "type": "minecraft:uniform",
                                "min": 8,
                                "max": 16
                            },
                            "add": false
                        }
                    ]
                }
            ]
        },
        {
            "bonus_rolls": 0.0,
            "entries": [
                {
                    "type": "minecraft:loot_table",
                    "value": "yggdrasil:alfheim_tree/enchanted_book/random_loot",
                    "weight": 2,
                    "conditions": [
                        {
                            "condition": "random_chance",
                            "chance": 0.25
                        }
                    ]
                }
            ],
            "rolls": 1.0
        }
    ],
    "random_sequence": "yggdrasil:alfheim_tree/chest"
}