{
	"loot_tables_to_eject": [
		{
			"data": "yggdrasil:alfheim_tree/spawner/key",
			"weight": 3
		},
		{
			"data": "yggdrasil:alfheim_tree/spawner/consumables",
			"weight": 7
		}
	],
	"simultaneous_mobs": 2.0,
	"simultaneous_mobs_added_per_player": 2.0,
	"spawn_potentials": [
		{
			"data": {
				"entity": {
					"DeathLootTable": "yggdrasil:generic/mob/ominous/enderman",
					"id": "minecraft:enderman"
				}
			},
			"weight": 1
		}
	],
	"ticks_between_spawn": 160
}
