{
	"type": "minecraft:equipment",
	"pools": [
		{
			"rolls": 1,
			"bonus_rolls": 0,
			"entries": [
				{
					"type": "minecraft:item",
					"name": "minecraft:iron_helmet",
					"weight": 4
				},
				{
					"type": "minecraft:item",
					"name": "minecraft:iron_helmet",
					"weight": 3,
					"functions": [
						{
							"function": "minecraft:enchant_with_levels",
							"levels": {
								"min": 5,
								"max": 15
							}
						},
						{
							"function": "set_attributes",
							"modifiers": [
								{
									"attribute": "minecraft:scale",
									"id": "yggdrasil:spawners/scale",
									"amount": 0.5,
									"operation": "add_multiplied_base",
									"slot": "head"
								}
							],
							"replace": false
						},
						{
							"function": "minecraft:enchant_randomly",
							"options": "#yggdrasil:equipment/item/helmet",
							"only_compatible": true
						}
					]
				},
				{
					"type": "minecraft:item",
					"name": "minecraft:diamond_helmet",
					"functions": [
						{
							"function": "set_attributes",
							"modifiers": [
								{
									"attribute": "minecraft:scale",
									"id": "yggdrasil:spawners/scale",
									"amount": 0.25,
									"operation": "add_multiplied_base",
									"slot": "head"
								}
							],
							"replace": false
						}
					],
					"weight": 2
				},
				{
					"type": "minecraft:item",
					"name": "minecraft:diamond_helmet",
					"weight": 2,
					"functions": [
						{
							"function": "minecraft:enchant_with_levels",
							"levels": {
								"min": 5,
								"max": 15
							}
						},
						{
							"function": "set_attributes",
							"modifiers": [
								{
									"attribute": "minecraft:scale",
									"id": "yggdrasil:spawners/scale",
									"amount": 2,
									"operation": "add_multiplied_base",
									"slot": "head"
								}
							],
							"replace": false
						},
						{
							"function": "minecraft:enchant_randomly",
							"options": "#yggdrasil:equipment/item/helmet",
							"only_compatible": true
						}
					]
				},
				{
					"type": "minecraft:item",
					"name": "minecraft:netherite_helmet",
					"functions": [
						{
							"function": "set_attributes",
							"modifiers": [
								{
									"attribute": "minecraft:scale",
									"id": "yggdrasil:spawners/scale",
									"amount": 2.5,
									"operation": "add_multiplied_base",
									"slot": "head"
								}
							],
							"replace": false
						}
					],
					"weight": 1
				},
				{
					"type": "minecraft:item",
					"name": "minecraft:netherite_helmet",
					"weight": 1,
					"functions": [
						{
							"function": "minecraft:enchant_with_levels",
							"levels": {
								"min": 5,
								"max": 15
							}
						},
						{
							"function": "set_attributes",
							"modifiers": [
								{
									"attribute": "minecraft:scale",
									"id": "yggdrasil:spawners/scale",
									"amount": 1.2,
									"operation": "add_multiplied_base",
									"slot": "head"
								}
							]
						},
						{
							"function": "minecraft:enchant_randomly",
							"options": "#yggdrasil:equipment/item/helmet",
							"only_compatible": true
						}
					]
				}
			],
			"functions": [
				{
					"function": "minecraft:set_attributes",
					"modifiers": [
						{
							"attribute": "minecraft:max_health",
							"id": "yggdrasil:spawners/max_health",
							"amount": 2,
							"operation": "add_multiplied_base",
							"slot": "head"
						},
						{
							"attribute": "minecraft:attack_damage",
							"id": "yggdrasil:spawners/attack_damage",
							"amount": 6,
							"operation": "add_value",
							"slot": "head"
						},
						{
							"attribute": "minecraft:attack_damage",
							"id": "yggdrasil:spawners/attack_speed",
							"amount": 1.3,
							"operation": "add_multiplied_base",
							"slot": "head"
						},
						{
							"attribute": "minecraft:armor",
							"id": "yggdrasil:spawners/armor",
							"amount": 10,
							"operation": "add_value",
							"slot": "head"
						},
						{
							"attribute": "minecraft:armor_toughness",
							"id": "yggdrasil:spawners/armor_toughness",
							"amount": 4,
							"operation": "add_value",
							"slot": "head"
						}
					],
					"replace": false
				}
			]
		}
	],
	"random_sequence": "yggdrasil:equipment"
}
