{
	"type": "minecraft:chest",
	"pools": [
		{
			"bonus_rolls": 0.0,
			"entries": [
				{
					"type": "minecraft:loot_table",
					"value": "yggdrasil:alfheim_tree/chest/reward/rare",
					"weight": 2
				}
			],
			"rolls": 1.0
		},
		{
			"bonus_rolls": 0.0,
			"entries": [
				{
					"type": "minecraft:loot_table",
					"value": "yggdrasil:alfheim_tree/chest/reward/common"
				}
			],
			"rolls": 1.0
		},
		{
			"bonus_rolls": 0.0,
			"entries": [
				{
					"type": "minecraft:loot_table",
					"value": "yggdrasil:alfheim_tree/enchanted_book/ominous_trial_spawner",
					"weight": 2,
					"conditions": [
						{
							"condition": "random_chance",
							"chance": 0.35
						}
					]
				}
			],
			"rolls": 2.0
		}
	],
	"random_sequence": "yggdrasil:alfheim_tree/chest"
}