{
	"type": "minecraft:chest",
	"pools": [
		{
			"rolls": 1,
			"entries": [
				{
					"type": "minecraft:loot_table",
					"value": "yggdrasil:asgard/key/normal",
					"weight": 4,
					"conditions": [
						{
							"condition": "minecraft:random_chance",
							"chance": 0.3
						}
					]
				},
				{
					"type": "minecraft:loot_table",
					"value": "yggdrasil:asgard/key/ominous",
					"weight": 1,
					"conditions": [
						{
							"condition": "minecraft:random_chance",
							"chance": 0.1
						}
					]
				}
			]
		},
		{
			"rolls": 1,
			"entries": [
				{
					"type": "minecraft:loot_table",
					"value": "yggdrasil:asgard/lore/all_chapters"
				}
			]
		},
		{
			"rolls": 1,
			"entries": [
				{
					"type": "minecraft:loot_table",
					"value": "yggdrasil:asgard/reward/shared/common",
					"conditions": [
						{
							"condition": "minecraft:random_chance",
							"chance": 0.1
						}
					]
				}
			]
		},
		{
			"rolls": 1,
			"entries": [
				{
					"type": "minecraft:loot_table",
					"value": "yggdrasil:asgard/reward/shared/moss",
					"weight": 4
				}
			],
			"conditions": [
				{
					"condition": "minecraft:random_chance",
					"chance": 0.25
				}
			]
		},
		{
			"rolls": 1,
			"entries": [
				{
					"type": "minecraft:loot_table",
					"value": "yggdrasil:asgard/reward/shared/common"
				}
			]
		}
	],
	"random_sequence": "yggdrasil:asgard/chest"
}
