{
	"type": "minecraft:chest",
	"pools": [
		{
			"rolls": {
				"type": "minecraft:uniform",
				"min": 4,
				"max": 8
			},
			"entries": [
				{
					"type": "minecraft:item",
					"name": "minecraft:cooked_beef",
					"weight": 15,
					"functions": [
						{
							"function": "minecraft:set_count",
							"count": {
								"type": "minecraft:uniform",
								"min": 3,
								"max": 8
							}
						}
					]
				},
				{
					"type": "minecraft:item",
					"name": "minecraft:golden_carrot",
					"weight": 8,
					"functions": [
						{
							"function": "minecraft:set_count",
							"count": {
								"type": "minecraft:uniform",
								"min": 2,
								"max": 6
							}
						}
					]
				},
				{
					"type": "minecraft:item",
					"name": "minecraft:bread",
					"weight": 15,
					"functions": [
						{
							"function": "minecraft:set_count",
							"count": {
								"type": "minecraft:uniform",
								"min": 4,
								"max": 8
							}
						}
					]
				},
				{
					"type": "minecraft:item",
					"name": "minecraft:baked_potato",
					"weight": 12,
					"functions": [
						{
							"function": "minecraft:set_count",
							"count": {
								"type": "minecraft:uniform",
								"min": 3,
								"max": 8
							}
						}
					]
				},
				{
					"type": "minecraft:item",
					"name": "minecraft:sweet_berries",
					"weight": 10,
					"functions": [
						{
							"function": "minecraft:set_count",
							"count": {
								"type": "minecraft:uniform",
								"min": 4,
								"max": 12
							}
						}
					]
				},
				{
					"type": "minecraft:item",
					"name": "minecraft:cookie",
					"weight": 10,
					"functions": [
						{
							"function": "minecraft:set_count",
							"count": {
								"type": "minecraft:uniform",
								"min": 4,
								"max": 8
							}
						}
					]
				},
				{
					"type": "minecraft:item",
					"name": "minecraft:apple",
					"weight": 12,
					"functions": [
						{
							"function": "minecraft:set_count",
							"count": {
								"type": "minecraft:uniform",
								"min": 2,
								"max": 6
							}
						}
					]
				},
				{
					"type": "minecraft:item",
					"name": "minecraft:cooked_salmon",
					"weight": 12,
					"functions": [
						{
							"function": "minecraft:set_count",
							"count": {
								"type": "minecraft:uniform",
								"min": 2,
								"max": 6
							}
						}
					]
				},
				{
					"type": "minecraft:item",
					"name": "minecraft:mushroom_stew",
					"weight": 8,
					"functions": [
						{
							"function": "minecraft:set_count",
							"count": {
								"type": "minecraft:uniform",
								"min": 1,
								"max": 3
							}
						}
					]
				},
				{
					"type": "minecraft:item",
					"name": "minecraft:honey_bottle",
					"weight": 8,
					"functions": [
						{
							"function": "minecraft:set_count",
							"count": {
								"type": "minecraft:uniform",
								"min": 1,
								"max": 4
							}
						}
					]
				},
				{
					"type": "minecraft:item",
					"name": "minecraft:glow_berries",
					"weight": 10,
					"functions": [
						{
							"function": "minecraft:set_count",
							"count": {
								"type": "minecraft:uniform",
								"min": 3,
								"max": 8
							}
						}
					]
				},
				{
					"type": "minecraft:item",
					"name": "minecraft:pumpkin_pie",
					"weight": 8,
					"functions": [
						{
							"function": "minecraft:set_count",
							"count": {
								"type": "minecraft:uniform",
								"min": 1,
								"max": 4
							}
						}
					]
				},
				{
					"type": "minecraft:item",
					"name": "minecraft:rabbit_stew",
					"weight": 5
				}
			]
		}
	],
	"random_sequence": "yggdrasil:runic_labyrinth/reward"
}