{
	"type": "minecraft:jigsaw",
	"biomes": "#yggdrasil:has_structure/cubeoid",
	"step": "surface_structures",
	"spawn_overrides": {},
	"terrain_adaptation": "none",
	"start_pool": "yggdrasil:cubeoid/main",
	"size": 2,
	"start_height": {
		"type": "minecraft:uniform",
		"min_inclusive": {
			"absolute": 30
		},
		"max_inclusive": {
			"absolute": 150
		}
	},
	"project_start_to_heightmap": "WORLD_SURFACE",
	"max_distance_from_center": 80,
	"use_expansion_hack": false,
	"liquid_settings": "ignore_waterlogging"
}
