{
	"loot_tables_to_eject": [
		{
			"data": "yggdrasil:helheim/spawner/consumables",
			"weight": 7
		}
	],
	"simultaneous_mobs": 8.0,
	"simultaneous_mobs_added_per_player": 2.0,
	"spawn_potentials": [
		{
			"data": {
				"entity": {
					"attributes": [
						{
							"id": "minecraft:attack_damage",
							"base": 3
						},
						{
							"id": "minecraft:knockback_resistance",
							"base": 10
						}
					],
					"DeathLootTable": "yggdrasil:generic/mob/normal/slime",
					"id": "minecraft:slime"
				}
			},
			"weight": 1
		}
	],
	"ticks_between_spawn": 160
}
