{
	"type": "minecraft:chest",
	"pools": [
		{
			"rolls": {
				"type": "minecraft:uniform",
				"min": 4,
				"max": 7
			},
			"entries": [
				{
					"type": "minecraft:item",
					"name": "minecraft:enchanted_book",
					"weight": 10,
					"functions": [
						{
							"function": "minecraft:enchant_with_levels",
							"options": "#minecraft:non_treasure",
							"levels": {
								"type": "minecraft:uniform",
								"min": 20,
								"max": 30
							}
						}
					]
				},
				{
					"type": "minecraft:item",
					"name": "minecraft:dragon_breath",
					"weight": 5,
					"functions": [
						{
							"function": "minecraft:set_count",
							"count": {
								"type": "minecraft:uniform",
								"min": 1,
								"max": 3
							}
						}
					]
				},
				{
					"type": "minecraft:item",
					"name": "minecraft:experience_bottle",
					"weight": 15,
					"functions": [
						{
							"function": "minecraft:set_count",
							"count": {
								"type": "minecraft:uniform",
								"min": 8,
								"max": 16
							}
						}
					]
				},
				{
					"type": "minecraft:item",
					"name": "minecraft:lapis_lazuli",
					"weight": 12,
					"functions": [
						{
							"function": "minecraft:set_count",
							"count": {
								"type": "minecraft:uniform",
								"min": 8,
								"max": 24
							}
						}
					]
				},
				{
					"type": "minecraft:item",
					"name": "minecraft:bookshelf",
					"weight": 8,
					"functions": [
						{
							"function": "minecraft:set_count",
							"count": {
								"type": "minecraft:uniform",
								"min": 2,
								"max": 4
							}
						}
					]
				},
				{
					"type": "minecraft:item",
					"name": "minecraft:amethyst_block",
					"weight": 8,
					"functions": [
						{
							"function": "minecraft:set_count",
							"count": {
								"type": "minecraft:uniform",
								"min": 2,
								"max": 6
							}
						}
					]
				}
			]
		}
	],
	"random_sequence": "yggdrasil:runic_labyrinth/reward"
}