{
	"type": "minecraft:chest",
	"pools": [
		{
			"rolls": 1,
			"bonus_rolls": 0,
			"entries": [
				{
					"type": "minecraft:item",
					"name": "minecraft:ominous_trial_key",
					"weight": 1,
					"functions": [
						{
							"function": "minecraft:set_name",
							"target": "item_name",
							"name": {
								"translate": "item.yggdrasil.alfheim.ominous_key",
								"fallback": "Ominous Alfheim Key"
							}
						},
						{
							"function": "minecraft:set_components",
							"components": {
								"minecraft:rarity": "epic",
								"minecraft:custom_data": {
									"yggdrasil": {
										"id": "yggdrasil.alfheim_tree.key.ominous_key"
									}
								}
							}
						},
						{
							"function": "minecraft:set_lore",
							"entity": "this",
							"lore": [
								{
									"translate": "item.yggdrasil.alfheim.ominous_key.lore1",
									"fallback": "This key can only be used on",
									"color": "gray",
									"bold": false,
									"italic": false
								},
								{
									"translate": "item.yggdrasil.alfheim.ominous_key.lore2",
									"fallback": "Ominous Vault in the Alfheim tree",
									"color": "gray",
									"bold": false,
									"italic": false
								},
								{
									"text": ""
								},
								{
									"translate": "item.yggdrasil.structure.ominous_vault",
									"fallback": "(Structure Item - Ominous Vault)",
									"color": "#707070",
									"bold": false,
									"italic": false,
									"underlined": false,
									"strikethrough": false,
									"obfuscated": false
								},
								{
									"translate": "item.yggdrasil.alfheim.location",
									"fallback": "[Alfheim Tree]",
									"color": "#9a0031",
									"bold": false,
									"italic": false,
									"underlined": false,
									"strikethrough": false,
									"obfuscated": false
								}
							],
							"mode": "append"
						}
					]
				}
			]
		}
	],
	"random_sequence": "yggdrasil:alfheim_tree/spawner/key"
}
