{
	"type": "minecraft:equipment",
	"pools": [
		{
			"rolls": 1,
			"bonus_rolls": 0,
			"entries": [
				{
					"type": "minecraft:item",
					"name": "minecraft:iron_leggings",
					"weight": 4
				},
				{
					"type": "minecraft:item",
					"name": "minecraft:iron_leggings",
					"weight": 3,
					"functions": [
						{
							"function": "minecraft:enchant_with_levels",
							"levels": {
								"min": 5,
								"max": 15
							}
						},
						{
							"function": "minecraft:enchant_randomly",
							"options": "#yggdrasil:equipment/item/leggings",
							"only_compatible": true
						}
					]
				},
				{
					"type": "minecraft:item",
					"name": "minecraft:diamond_leggings",
					"weight": 2
				},
				{
					"type": "minecraft:item",
					"name": "minecraft:diamond_leggings",
					"weight": 2,
					"functions": [
						{
							"function": "minecraft:enchant_with_levels",
							"levels": {
								"min": 5,
								"max": 15
							}
						},
						{
							"function": "minecraft:enchant_randomly",
							"options": "#yggdrasil:equipment/item/leggings",
							"only_compatible": true
						}
					]
				},
				{
					"type": "minecraft:item",
					"name": "minecraft:netherite_leggings",
					"weight": 1
				},
				{
					"type": "minecraft:item",
					"name": "minecraft:netherite_leggings",
					"weight": 1,
					"functions": [
						{
							"function": "minecraft:enchant_with_levels",
							"levels": {
								"min": 5,
								"max": 15
							}
						},
						{
							"function": "minecraft:enchant_randomly",
							"options": "#yggdrasil:equipment/item/leggings",
							"only_compatible": true
						}
					]
				}
			]
		}
	],
	"random_sequence": "yggdrasil:equipment"
}
