{
	"type": "minecraft:chest",
	"pools": [
		{
			"rolls": 1,
			"entries": [
				{
					"type": "minecraft:loot_table",
					"value": "yggdrasil:generic/reward/random/harvest",
					"weight": 1
				},
				{
					"type": "minecraft:loot_table",
					"value": "yggdrasil:generic/reward/random/misc",
					"weight": 1
				},
				{
					"type": "minecraft:loot_table",
					"value": "yggdrasil:generic/reward/random/common",
					"weight": 1
				}
			]
		}
	],
	"random_sequence": "yggdrasil:proto_fracture/chest"
}
