{
	"type": "minecraft:chest",
	"pools": [
		{
			"rolls": 1,
			"entries": [
				{
					"type": "minecraft:item",
					"name": "minecraft:trial_key",
					"weight": 3,
					"functions": [
						{
							"function": "minecraft:set_name",
							"target": "item_name",
							"name": {
								"translate": "item.yggdrasil.cubeoid.key",
								"fallback": "Cubeoid Key"
							}
						},
						{
							"function": "minecraft:set_components",
							"components": {
								"minecraft:rarity": "epic",
								"minecraft:custom_data": {
									"yggdrasil": {
										"id": "yggdrasil.cubeoid.key.normal"
									}
								}
							}
						},
						{
							"function": "minecraft:set_lore",
							"entity": "this",
							"lore": [
								{
									"translate": "item.yggdrasil.cubeoid.key.lore1",
									"fallback": "This key can only be used on",
									"color": "gray",
									"bold": false,
									"italic": false
								},
								{
									"translate": "item.yggdrasil.cubeoid.key.lore2",
									"fallback": "Vault in the Cubeoid tree",
									"color": "gray",
									"bold": false,
									"italic": false
								},
								{
									"text": ""
								},
								{
									"translate": "item.yggdrasil.structure.vault",
									"fallback": "(Structure Item - Vault)",
									"color": "#707070",
									"bold": false,
									"italic": false,
									"underlined": false,
									"strikethrough": false,
									"obfuscated": false
								},
								{
									"translate": "item.yggdrasil.cubeoid.location",
									"fallback": "[Cubeoid]",
									"color": "#ffffff",
									"bold": false,
									"italic": false,
									"underlined": false,
									"strikethrough": false,
									"obfuscated": false
								}
							],
							"mode": "replace_all"
						}
					]
				}
			]
		}
	],
	"random_sequence": "yggdrasil:asflors/key"
}
