{
	"type": "minecraft:chest",
	"pools": [
		{
			"rolls": 1,
			"entries": [
				{
					"type": "minecraft:item",
					"name": "minecraft:chicken_spawn_egg",
					"weight": 3
				},
				{
					"type": "minecraft:item",
					"name": "minecraft:cow_spawn_egg",
					"weight": 2
				},
				{
					"type": "minecraft:item",
					"name": "minecraft:pig_spawn_egg",
					"weight": 2
				},
				{
					"type": "minecraft:item",
					"name": "minecraft:sheep_spawn_egg",
					"weight": 3
				},
				{
					"type": "minecraft:item",
					"name": "minecraft:diamond",
					"weight": 4,
					"functions": [
						{
							"function": "minecraft:set_count",
							"count": {
								"type": "minecraft:uniform",
								"min": 1,
								"max": 2
							}
						}
					]
				},
				{
					"type": "minecraft:item",
					"name": "minecraft:golden_apple",
					"weight": 3
				},
				{
					"type": "minecraft:item",
					"name": "minecraft:glistering_melon_slice",
					"weight": 3,
					"functions": [
						{
							"function": "minecraft:set_count",
							"count": {
								"type": "minecraft:uniform",
								"min": 2,
								"max": 4
							}
						}
					]
				},
				{
					"type": "minecraft:item",
					"name": "minecraft:golden_carrot",
					"weight": 3,
					"functions": [
						{
							"function": "minecraft:set_count",
							"count": {
								"type": "minecraft:uniform",
								"min": 2,
								"max": 5
							}
						}
					]
				},
				{
					"type": "minecraft:loot_table",
					"value": "yggdrasil:vanaheim/enchanted_book/rare",
					"weight": 2
				}
			]
		}
	],
	"random_sequence": "yggdrasil:vanaheim/reward"
}
